"Algeria","Argentina","Australia","Austria","Belgium","Bolivia","Brazil","Canada","Chile","China","Colombia","Czechia","Denmark","Eastern.Europe.Central.Asia","Egypt","Ethiopia","Finland","France","Germany","Greece","Hungary","India","Indonesia","Iran","Ireland","Israel","Italy","Japan","Kenya","Malaysia","Mexico","Morocco","Netherlands","New.Zealand","Nigeria","Norway","Pakistan","Peru","Philippines","Poland","Portugal","Rest.of.EU","Rest.of.Middle.East.Africa","Rest.of.South.America","Rest.of.South.Asia.Oceania","Romania","Russia","Saudi.Arabia","Singapore","Slovakia","South.Africa","South.Korea","Spain","Sweden","Switzerland","Taiwan","Thailand","Turkey","United.Arab.Emirates","United.Kingdom","United.States","Uruguay","Venezuela","Vietnam","Western.Europe.non.EU"
0.477772914001055,4.49804693739362e-58,2.30226077838028e-10,6.92201287782573e-10,2.01796820630679e-08,2.8023309802468e-08,4.63479429629418e-32,5.47094634655186e-10,2.53776599356813e-09,1.53853169342354e-09,1.84759787440609e-09,1.83154398371356e-09,3.70255851450472e-09,1.64841164545231e-09,1.43232194127635e-21,5.95407063451374e-09,1.25665974423317e-09,5.28615936981772e-08,2.62529534038322e-09,7.99873315134479e-10,1.59390621187975e-06,9.55809128645538e-08,1.43213533616862e-07,1.487424260592e-31,2.73387995627918e-09,3.80727532357951e-09,9.59904066868131e-09,4.37594062717372e-11,5.08108429593076e-08,5.78078314792188e-25,2.79293010943254e-10,4.43844298461884e-09,4.77837677492684e-10,2.15832296022625e-09,4.43326874980941e-08,3.6951419849054e-09,2.04379088840127e-54,1.2307562246205e-08,3.67440246710722e-07,1.34493127354977e-09,1.23857454694448e-08,1.32237089863047e-09,1.34498511333016e-06,3.20574935789403e-09,1.39144028441078e-09,7.44450745388108e-08,1.70571716474423e-08,4.78350264825999e-07,6.70455673341762e-09,7.50185885286387e-09,1.82241530835471e-12,3.51285681480969e-08,1.38904025302543e-07,5.01417008240861e-10,2.44401310820611e-09,2.88023663440816e-09,1.05888042426314e-24,1.07398875689044e-08,4.19755797876017e-07,2.47958918253587e-08,6.30746607082889e-11,6.01868526507121e-33,2.02433025912517e-06,2.3479049486596e-10,1.34116649026631e-09
1.69657198924852e-06,0.973504855175014,4.1878930211406e-05,2.51804910980568e-07,3.54943842266258e-06,0.00253748711991492,0.976479754864301,7.37086587097795e-06,0.025382932438929,4.01881430429331e-09,0.209172093354353,4.1047729574146e-06,4.71261772854657e-07,7.35061449996004e-05,7.48596801675336e-07,0.000569051803193078,5.09157617574581e-06,0.00010087857253419,5.31143249269131e-05,1.99919940502178e-06,2.22609684653387e-06,3.80460819987349e-07,1.76635824354202e-07,4.80160381730901e-08,4.97401487208271e-06,5.81482157313301e-07,4.35012440468428e-05,1.51103013721489e-05,0.00260852729116504,1.67699497923608e-07,0.00129323591327065,1.35340211515509e-06,1.82066613018024e-07,0.0113734449604435,3.12720117740155e-06,4.26417709290826e-06,1.74749742263526e-08,0.0587542587570954,3.45032082488753e-07,1.67740099390374e-07,1.92380876541046e-05,1.5482284920639e-05,0.000271181769589003,0.0280256986268552,0.000179948912067971,0.000380466721775886,7.59890417078631e-08,1.07124101967327e-06,6.558330230642e-07,6.34304706039058e-07,2.98155277534911e-07,1.04805505586568e-05,9.98429612317132e-05,1.37320110559448e-07,2.96801620089056e-06,3.38688473286785e-07,2.39563205156621e-06,1.77274433546152e-06,1.17411763885521e-05,1.63870980985265e-05,0.000215403934012504,0.224678710805417,0.10957524287536,3.0481337962327e-07,2.24244225692105e-07
5.06274703914025e-07,4.86608082966912e-55,0.0625543234241143,0.000490073950039978,6.1485523829169e-06,1.62743724758973e-05,3.79149621934583e-30,2.63940706263717e-05,0.000596025977082523,2.36751975473032e-06,2.49846761898489e-07,1.3725563056999e-05,1.45666190062954e-05,0.000539159193332285,1.92833050273552e-05,0.000215128250880553,0.00022895906329192,7.57410207388982e-05,1.88698669242991e-05,2.44302591415168e-05,4.55399079406387e-05,1.36801147746863e-05,5.85830176649263e-05,6.21311103660701e-29,0.000746980895507615,9.80857745737519e-06,3.50574292706668e-06,2.73004455336741e-05,0.0197483233802116,3.13729816897289e-05,2.2043202509375e-06,5.01925245257126e-07,1.63179129255285e-05,0.0615482276543309,0.00622754541811699,1.45346413240602e-05,1.32114939924306e-47,2.29677252511239e-06,0.000158010679400495,7.49909617680778e-06,3.81097633999024e-06,7.39990587171362e-05,0.0157763102380687,4.65522329382207e-05,0.00204744597568115,8.94811649982454e-06,1.58324345954496e-08,0.0687616566176957,0.00297587238640722,0.000108092512809038,1.15604429872731e-07,5.24639331749162e-06,4.03153996077527e-06,4.65870489973772e-06,5.04678834233239e-05,4.8109018377474e-06,8.86756997121019e-05,3.94889510679196e-06,0.00868978409206713,0.00112367912446473,0.000237199613380815,1.8171410380365e-30,1.16109090204098e-06,9.92330669992291e-07,1.11251782550001e-07
0.00370320473725975,8.90986158177543e-53,7.15309838133556e-05,0.225645964120132,0.00252488861814542,0.00907044710910996,2.14347422391545e-29,0.000124934501865181,3.35056732406089e-06,4.97143390927173e-05,8.20533420242579e-05,0.00254064391852848,8.5944293831151e-05,0.000629001587491448,1.09324815483612e-17,3.68075461827982e-06,0.000233556707776161,0.00096455744505598,0.00277818605138108,0.00476446614392339,2.52315462557293e-07,4.46206236839097e-06,2.66319236495564e-08,8.52893118247115e-29,0.000715751992346718,0.000260530027409396,0.00303681076732039,0.00111648899978122,4.85817806027754e-05,4.78512508660564e-24,0.000130390882737293,0.000336721523123008,0.00193779372993421,0.000223080305907112,6.20919648917962e-06,0.00195523042664003,1.4896920867537e-40,8.16120437027303e-06,0.000578272483999464,0.000475621540734327,5.49050045145237e-05,0.00217598695417599,0.000865481437384407,8.40287259663114e-06,1.26041092839747e-05,0.0177422016987036,0.000329226333774276,0.00130719943054165,0.000534957339300936,0.00131441059411839,2.27235304851154e-07,0.00282149554390271,0.000171000652166071,0.000164667620349019,0.0038059574088608,0.000942944794098388,5.94709283142902e-20,0.000219194614086679,0.0023335103773855,0.0189005128264903,0.000305674723784221,4.05299250407592e-29,7.7599757136724e-07,1.07552924954772e-06,3.55771689862705e-05
6.53083197982686e-06,4.01604013762127e-52,0.000941463961233958,0.00647823412724985,0.0514630473075379,6.04682105237661e-06,4.39046997563095e-26,0.000397035228035167,0.000984647285000058,0.000502157750540542,0.000576847782686711,0.0125078316855789,0.0190035882172306,0.00269645273558979,7.70364614742236e-17,6.554232874235e-05,0.0095992854618436,0.0111187207972218,0.0169826026113034,0.021055666674125,7.96182301934123e-07,0.00135853832904478,3.81498167697944e-06,3.53206172673614e-29,0.00260686462286234,0.0192889343142446,0.0233879438748932,0.00156093605093571,7.26347161148593e-05,2.64800296260082e-21,0.000124491503312434,0.0080400799504046,0.122431086872117,0.00328987321128561,0.00315284469104503,0.00797714938027166,2.09061981417301e-50,0.000126052256198377,0.000419065169515694,0.0101473267354492,0.0205550360908752,0.040376366307179,0.0189319563257463,0.0007129279689146,5.60555358543815e-05,0.0247108031564209,0.00214385940612642,5.76034136478412e-05,0.0021096745747635,0.00510543241327234,2.16446396475547e-06,0.00101256467169855,0.0104131376524969,0.0494826735976211,0.0137408923675438,0.00748445876391,4.15967057027327e-21,0.00225566631375211,0.000326709825150099,0.175575187587361,0.000454620988334454,3.80992228630392e-29,7.8179483693096e-07,6.31145713088179e-07,0.00655004436045317
0,0,0,0,0,0,0,0,0,0,0,0,0,0,0,0,0,0,0,0,0,0,0,0,0,0,0,0,0,0,0,0,0,0,0,0,0,0,0,0,0,0,0,0,0,0,0,0,0,0,0,0,0,0,0,0,0,0,0,0,0,0,0,0,0
8.75612115508174e-07,1.2222257304588e-42,5.41474424903232e-05,1.79183165879544e-05,1.72274822373286e-05,0.178470929803811,1.70488991360765e-10,5.26237213526414e-06,0.330103363024578,1.18304159933103e-06,0.507301357461514,9.08144743267662e-05,3.71149873401496e-08,7.97270465809572e-05,1.13435042180867e-16,0.000450687197537211,1.18098458925113e-05,3.69159083040653e-05,6.21347687040612e-05,8.50681003422705e-08,3.00908346692982e-05,1.54280168821409e-05,3.58146413466049e-06,1.87864453775819e-29,2.80350691032512e-05,1.66660298384384e-06,0.000217036695100773,8.39487955056882e-06,7.54795641160482e-07,4.4034413143888e-17,0.0655623161572628,3.54133131803766e-06,7.25791699412163e-06,1.29355177996052e-05,0.0180198834496761,1.17174406295544e-05,2.05978922736949e-52,0.511792883960948,2.33196126326294e-07,0.033893784380161,2.4101165009969e-05,6.47980089534043e-05,0.00128247104134088,0.0438393056408055,3.01525661560075e-07,0.000221547142534388,5.0798043301622e-08,2.22956432863339e-06,3.68452966991043e-06,2.83339101294522e-05,1.41272943707315e-07,1.30965607421551e-05,0.000125331526444543,1.56816888280157e-06,5.13849301203493e-05,1.41550662463232e-07,1.37684349283173e-17,7.06551018859309e-07,0.000154943437068876,4.76626333568601e-05,0.000490990600250559,1.61665353432118e-24,0.0309026044716645,1.61438369819294e-07,8.14209971227363e-08
7.81541807715982e-06,7.61844442539796e-53,0.000137324401152572,0.000655807385416298,0.000337659191921948,0.00427554868914355,3.08151344059896e-27,0.112330984741073,0.00140614967381016,5.71915222024406e-05,0.000920719933833169,0.000373398336985066,2.21004800519484e-05,0.00238697623586891,8.16661254248091e-19,5.65483690058699e-05,0.00475592421077602,0.000554412124850497,0.000646882522481838,3.8418951535446e-05,0.000233956629771597,3.2859350444441e-07,1.41510069602969e-05,2.10574255643812e-29,5.04892218067233e-06,0.00131394852423425,3.75535330375966e-05,0.000214214952193002,1.73226339728595e-05,5.04312829940039e-22,0.00309729346991643,0.00010966726096258,0.000418862240632238,0.000459020307191928,0.0157078379609896,0.00203998745723758,7.25794648049144e-39,6.919964484879e-05,0.00137844440612443,0.000350509109989217,5.89009178730893e-06,0.00119380451380367,0.00762824267585191,0.00444132848747549,0.000362121966238775,0.000172965751560111,4.76308150488547e-05,0.00590473449914419,4.0188281225428e-06,0.000225211948785063,9.62364587764811e-10,0.000210726240195909,0.000370052561867739,0.000130046799797465,0.00119226300313284,4.68914124715289e-05,5.68078499561549e-21,6.64542459552666e-05,0.00233069162743578,0.000104578145278908,0.0822879351810897,1.32993914391452e-29,0.000297893161559706,7.99759544152762e-07,0.00337726460370204
0,0,0,0,0,0,0,0,0,0,0,0,0,0,0,0,0,0,0,0,0,0,0,0,0,0,0,0,0,0,0,0,0,0,0,0,0,0,0,0,0,0,0,0,0,0,0,0,0,0,0,0,0,0,0,0,0,0,0,0,0,0,0,0,0
2.98104157656545e-08,1.81810164676122e-56,6.64864405902962e-08,9.2171798473202e-10,3.5892466785942e-09,1.1597915153762e-06,1.10168631269425e-28,1.01636162291074e-07,7.50298259024364e-07,0.964332433400165,4.61808050817636e-08,4.89396714364527e-08,5.30379198073470e-09,1.05820625399219e-07,6.73091332069321e-19,1.41704707376688e-06,1.08473370690369e-08,8.72322491259009e-10,2.47278646143369e-08,2.86693272761122e-09,0.0515070445277222,0.0640368900896784,0.000957101095128,2.93524857273349e-31,1.28453407023605e-08,1.60227254757733e-07,5.47452120889075e-09,2.98967067066749e-10,2.64333843256021e-06,3.19968099085842e-21,1.57996992952993e-07,4.57667295483784e-09,2.20942282209297e-08,4.01851888525015e-08,1.79840258384703e-06,4.86473078071657e-08,1.0824467357016e-53,6.19348230935112e-07,0.0761970222581738,4.38928916570561e-08,6.58474922026229e-10,3.60951055981563e-08,3.10168084945316e-06,1.4632557372806e-06,1.69396982509112e-06,5.46961083844999e-09,2.24493296667505e-06,4.8626543906312e-06,5.76178950593843e-08,5.64685078902248e-09,2.49230856502135e-10,1.11264159364317e-07,2.84370716337206e-08,1.44755653379926e-08,1.53423348579754e-08,3.06086235032093e-09,8.50709169758257e-22,2.42914544943676e-08,2.86228111738528e-07,4.91707131789596e-08,2.74183786074906e-07,1.88387600634439e-31,0.00179747324058401,3.31122331292439e-08,1.24894387633085e-08
1.64995544758614e-07,3.16664970676714e-52,2.55085435205699e-09,1.1560053910663e-08,5.19243573702713e-08,0.0152891094006561,2.05582846746776e-29,3.23696656231985e-07,0.00126436543943115,2.67763827123788e-09,0.0333711864588485,1.18551713247254e-08,2.30116219281479e-09,1.18250094146104e-08,5.00567324114094e-21,8.73279721351915e-08,8.0966345215923e-09,1.75785788268775e-06,2.76376935469106e-07,4.98928196356075e-09,1.4863829414563e-06,2.54036512660318e-06,1.17941091391681e-07,1.07042698803252e-30,1.78232412728391e-08,2.93973829076235e-08,8.48578358050944e-08,2.59509937261893e-09,3.85070876003185e-07,8.56533108693189e-24,0.00184991974060819,2.91222728272166e-08,2.958803030016e-08,1.54643811091126e-08,1.55241157848941e-06,2.5766373859517e-08,1.17336761791985e-53,0.00173127172210841,2.30380586210364e-07,8.65400348541776e-09,1.43370812206877e-07,1.92030550870634e-07,9.36321237242971e-05,0.0421907569619593,1.5112102376725e-08,5.60177354377098e-06,4.26034740847484e-08,4.20735095015618e-06,5.91783258705959e-08,4.98841310073479e-08,2.3942657108278e-11,7.51386868026045e-05,1.61777730971758e-06,3.34484799555182e-08,1.57020216517826e-08,1.79145132588958e-08,3.40742908001261e-23,7.61093943023546e-09,3.92655675865991e-08,1.57662536677276e-08,6.26658248102228e-07,6.18413270299716e-32,0.0114490538720201,3.43137531867541e-09,1.82851732877301e-07
0.0193248785810349,1.15433535809894e-56,0.000685465888131813,0.044291998356229,0.0225498648827821,1.09992003702252e-05,3.36111334879831e-29,1.13717692142374e-07,0.000737282468965994,1.20971933166183e-05,0.000474257828696153,0.173151816410794,0.010031166504942,0.0173350370932577,1.09524101514933e-15,9.89184510512907e-05,0.012849715783761,0.0263260542100168,0.0699175676910607,0.00672395493390117,1.75075104676953e-06,3.29141447668191e-05,1.3891811072752e-07,5.4860924609844e-28,0.0227682729762148,0.0399856135659888,0.0151533845587666,5.84003222448336e-07,9.9736373414829e-06,7.57162195894249e-23,0.00149916265338731,0.0229645064876437,0.0251146766418234,0.00367637772458389,7.26092330905718e-06,0.0158265648099451,8.27272352961643e-52,7.17611388684774e-07,8.14068277496547e-06,0.156219743809117,0.0041539103463453,0.0225148078843808,0.00339971158742056,0.000104918845437189,4.01730243380928e-05,0.0633935444424552,0.0124339166133649,0.00917552830413124,0.00169602940298042,0.509547354349645,1.3210388297843e-06,6.14545571045792e-05,0.00848364848810425,0.00189588862396001,0.103981766407406,0.0103058769354872,3.51397079603394e-21,0.0126286330435209,0.00270792850129871,0.036679923080679,1.05988284647742e-06,5.19604273101515e-31,1.46994484007746e-06,7.79085836904848e-08,0.0478246526029295
0,0,0,0,0,0,0,0,0,0,0,0,0,0,0,0,0,0,0,0,0,0,0,0,0,0,0,0,0,0,0,0,0,0,0,0,0,0,0,0,0,0,0,0,0,0,0,0,0,0,0,0,0,0,0,0,0,0,0,0,0,0,0,0,0
5.08912230537825e-06,1.61402303233504e-58,7.82580021524984e-09,1.44796366064119e-05,1.54108795436041e-05,7.38131250592788e-09,1.08232416992951e-32,1.20679788424268e-06,2.12541599950381e-08,2.04028027681295e-05,5.88032859881594e-10,9.32010155106534e-06,1.26486804607429e-07,0.0631909970558169,2.47738828425939e-20,2.24032855770189e-07,8.19116876032855e-08,1.23008278297288e-06,9.19044430308096e-06,1.52209528186713e-06,0.0698083612758311,4.33186485439665e-07,0.000452539457446183,1.39377147887123e-27,2.45501050784657e-07,3.58570085792898e-07,0.000228307926990154,1.74279625810254e-11,2.63282072402155e-06,1.19169322825423e-22,3.63745399667901e-08,7.28601920639267e-07,6.42532715619943e-06,8.50749049885227e-08,1.4054749769789e-06,1.13450013935087e-06,8.77541577524614e-54,2.83987731999262e-08,2.24205073241791e-05,3.18175262810849e-05,3.34592575224804e-08,5.59631722575274e-05,1.08741801951042e-05,2.87012177234933e-06,4.49310088412325e-07,4.85637763116488e-05,0.0127237732287328,8.29863044227412e-06,2.39193978592295e-08,6.22131578795487e-06,4.48236194127359e-13,1.47342265948336e-06,9.82493086226971e-07,1.93925489132601e-07,3.03023611640688e-05,1.03325560578209e-09,1.84143501098386e-23,7.20743652094244e-06,7.19687153086157e-05,5.84246449695127e-08,1.19075550443917e-06,1.931318374434e-31,2.14129055295281e-06,2.04802176988249e-09,2.72987482021829e-06
1.59579713427915e-06,2.28715986815129e-45,7.68303612398572e-07,2.39215639088264e-07,1.16850802647584e-05,4.96550569037842e-06,3.84606032097319e-17,1.94808678494632e-05,6.63145429240811e-07,3.78007921743188e-08,1.0046073046149e-06,3.86094078875733e-06,4.43268366355824e-07,0.000168065668280091,0.806653676058374,0.000578971840988462,4.78912414960205e-07,2.0841368305964e-06,9.35553334840736e-06,5.64134104884535e-05,2.09385995660406e-06,3.57860036368217e-07,1.66143041055965e-07,8.38704406873619e-19,9.35709163211615e-06,5.46940568259211e-07,3.93888214806468e-05,3.47130253200903e-06,1.05049177278335e-05,1.41680188938521e-08,1.17826864782446e-07,1.27300899731467e-06,4.52531245075871e-05,3.36460206679407e-07,3.58266371595766e-05,4.01087110018119e-07,9.27522407988473e-42,7.18650618725167e-07,3.24536005022545e-07,3.15551929223086e-06,0.00394660135142696,6.00707343634451e-05,0.0017554423133316,0.00014021333457749,2.36158335886621e-06,1.29364218617435e-05,7.14745802339894e-08,5.60840944274656e-05,4.31811865133691e-05,5.96625628006248e-07,2.80449612331241e-07,4.06849884853399e-07,0.000110003837782716,2.5832579042075e-06,2.79170868921897e-07,6.37139126012966e-06,1.2906356033503e-09,3.33487816939167e-06,0.000201319275621535,1.09983869853052e-05,5.07055969838968e-06,9.60355355417868e-20,0.00014217508829593,2.86710683164157e-06,6.01554309168815e-06
0,0,0,0,0,0,0,0,0,0,0,0,0,0,0,0,0,0,0,0,0,0,0,0,0,0,0,0,0,0,0,0,0,0,0,0,0,0,0,0,0,0,0,0,0,0,0,0,0,0,0,0,0,0,0,0,0,0,0,0,0,0,0,0,0
7.17074848052074e-07,2.60193554067939e-51,0.000103784488480331,0.000879346925409483,0.000531640533736101,8.52397387110123e-07,1.51104945382099e-30,0.00191732301230902,6.19010657434925e-06,0.000188446101407679,1.27903890772192e-06,0.000122453218391892,0.00014952422837513,0.000783701470932525,1.12626742826217e-20,5.21845833877246e-06,0.385341864881572,0.00921993165077624,0.0253571861452649,2.64736138604539e-05,0.000392963663005135,1.49246845572036e-05,7.53864210692204e-05,1.76928892985609e-09,9.45025115811033e-06,1.98606201221599e-07,0.000485963579541195,0.00177222377320484,4.20618602838244e-06,3.80650818647002e-22,1.25733339838663e-08,3.62648777268418e-07,0.000276395938662956,4.47226845163001e-05,5.83410842935054e-05,0.0105503621551845,3.64841623128457e-42,4.29706870449115e-07,1.69186219667358e-07,0.000912828222039264,1.11428326573197e-05,0.00774217662297127,0.000337869938151594,4.63589362806501e-06,5.42631253513988e-08,8.74277885619404e-05,0.0121758887027365,3.49053153145422e-06,1.66721104643546e-07,0.00019659460042647,1.63041424708067e-10,1.47302712186765e-07,0.00152347560823833,0.00717467680429022,0.00172121952288044,0.00179348080221762,6.4266796751675e-22,0.000588671459283647,1.12753297400225e-05,4.52300974441675e-06,0.00251773175780617,2.73453615358517e-31,9.16576315446423e-07,8.17290861482087e-09,0.00123440412087576
0.134228849998725,0.0124790087114528,0.00656659448130269,0.0537521565793055,0.272957266070352,0.0223475504013352,0.00779853194212991,0.00615399331327712,0.0315153068906778,0.000325835347742005,0.0223278060678479,0.162082046661025,0.0209902519111218,0.124399766284863,0.0390936121015519,0.0108847127992202,0.123975805347919,0.428380765513115,0.0615833112260872,0.377498100633296,8.94309578569604e-07,0.000133316831053637,0.000450925260170823,9.75306239330976e-05,0.176460808428193,0.144423892238262,0.0498106550970204,0.00136680986267069,0.0163993229845973,0.0061418096153936,0.0038265766040941,0.098390322001635,0.0408961217835876,0.0141678313462947,0.00276627318046263,0.145897148672589,1.42670999214259e-51,0.0107476207654413,0.00395783677539318,0.0926729454627437,0.117896845816422,0.176439331248487,0.0523103372850108,0.00667889658006742,0.00100612933267568,0.206867168439107,0.00505650679744505,0.00619995180229651,0.0226246589639895,0.0611598741385688,0.0418187355835609,0.00460477587250516,0.050167015510893,0.0264379115179835,0.0993877693089977,0.0139756545539618,8.55209546198472e-05,0.0674892374601643,0.00283113247603945,0.0701686906152439,0.000766113044631917,0.140956682503265,9.03728933656565e-05,6.80792455747828e-05,0.34262126224368
0.19956739111192,6.05106485129451e-21,0.0212226815567078,0.367723599511194,0.417905019961686,0.0831379845239169,3.32983021298409e-20,0.0352371529070911,0.0497988766882199,0.0156024521169131,0.0872073651809959,0.468847146658841,0.327322044295873,0.309068783832858,0.0901304074975461,0.0283058197416854,0.390833881520546,0.264137267599258,0.342144849142599,0.412917052127169,8.36533547967309e-07,0.00239203887063952,0.0377535442368541,5.93659514367204e-26,0.479567704654508,0.190295960913921,0.618694970972226,0.0824329777129749,0.167863176203109,0.0458562141956223,0.0890135580364013,0.675793075435975,0.655056642341667,0.268060912119842,0.0551489127990838,0.362423963974707,0.000414536340881551,0.0671389342426578,0.0527864534895477,0.292334117218167,0.511597050135255,0.359834697961504,0.133732990186329,0.0416774384218782,0.00353982281943175,0.581764520726135,0.0565786793949841,0.110144716359544,0.227449705906677,0.256561804527762,5.46590280666543e-05,0.108745429042445,0.0924312091934528,0.319977978470165,0.328287811147404,0.339190484761695,0.00507160801180733,0.198033525354849,0.19589837737825,0.260056552065172,0.0168047369349393,1.02044456819825e-20,0.000735663294179269,0.000453890840002547,0.409637687743514
0,0,0,0,0,0,0,0,0,0,0,0,0,0,0,0,0,0,0,0,0,0,0,0,0,0,0,0,0,0,0,0,0,0,0,0,0,0,0,0,0,0,0,0,0,0,0,0,0,0,0,0,0,0,0,0,0,0,0,0,0,0,0,0,0
0,0,0,0,0,0,0,0,0,0,0,0,0,0,0,0,0,0,0,0,0,0,0,0,0,0,0,0,0,0,0,0,0,0,0,0,0,0,0,0,0,0,0,0,0,0,0,0,0,0,0,0,0,0,0,0,0,0,0,0,0,0,0,0,0
4.2118752382817e-52,2.93959274173169e-102,9.7159731212951e-54,2.23702045290792e-54,2.42994980215655e-54,1.3017491002036e-51,1.16459877495416e-78,2.34613795303252e-53,2.2730978262998e-52,4.28302022395798e-53,6.1575365248036e-53,2.36071474445557e-54,2.2449814498212e-54,3.06949000105e-54,1.12143432728869e-64,1.00149552369153e-51,9.63736047920976e-55,4.34663541382863e-54,6.72797484033578e-54,4.37377869488274e-54,2.16508498364356e-27,0.900346222842752,9.56343119900352e-24,6.7465973068517e-79,4.25534390749401e-54,8.50942610901038e-53,3.85729020225488e-54,4.15448777523699e-55,8.00547509095056e-52,9.37292293989913e-71,3.1519937706505e-52,2.03130498216209e-53,1.28006566500911e-54,1.01011692352172e-53,8.92975832311802e-53,2.13775733512216e-54,1.222145967901e-103,6.89436873095277e-52,3.34168695785831e-43,1.28670873981385e-53,3.60957050966406e-57,2.42645164425226e-54,2.18534313577673e-51,8.29349959394051e-52,9.64515885852677e-52,5.12685490978851e-55,2.17555903784876e-54,2.77263393322267e-51,1.11587476257343e-54,1.90525475436295e-54,1.76571921726734e-54,3.02489861604431e-54,6.88518343360984e-53,1.72211119561149e-55,9.55820242325201e-54,1.27621498985887e-53,7.63459196825829e-69,1.47991646139307e-53,1.11273694818115e-51,6.30004502449932e-54,2.39761291666489e-53,2.03808475250253e-76,2.38286139416268e-53,4.42462949496111e-53,1.78777278910806e-53
5.95361969119465e-38,4.66037018612845e-86,6.90602824845599e-39,5.73226235131078e-42,6.65025430530566e-38,2.21619502323104e-35,2.05526261184943e-61,3.37647508228908e-40,1.38911601989005e-36,1.58454166310571e-32,3.67814489924203e-37,1.6389645911312e-40,2.90105729812372e-42,3.99089428873594e-39,2.05076751151469e-47,4.12719399030189e-32,1.07763467421964e-41,2.78858948809253e-41,4.95085734662102e-41,6.2691412259257e-42,2.87169108655995e-14,3.51647113977299e-05,0.427406485084732,3.79169673698596e-62,2.52734826332799e-40,5.18710556007528e-41,4.70730619859613e-41,2.33923199962017e-39,2.35394655911169e-31,1.04540293420729e-46,1.62402154225979e-36,1.63684243694039e-37,2.67782699073362e-40,9.79211674794524e-40,7.46002840185387e-34,6.19216803757275e-38,3.8247555523594e-81,1.45890587769274e-35,2.52360933050418e-22,1.26770158355466e-40,4.9066126932712e-42,1.57256356263061e-40,1.96107770315181e-34,3.01466767501451e-35,9.70557099991439e-36,3.04974345111614e-41,3.22075625343309e-40,6.52503804871918e-34,5.39070507747745e-36,1.63699902116632e-39,3.15558821543495e-38,3.22996719903324e-38,2.67295321816179e-40,4.68755731346692e-41,2.306705959923e-40,2.56150140915768e-40,4.06284093060077e-46,1.18936846667329e-41,6.87351637054159e-35,3.67613587046734e-40,4.76633585175826e-40,4.50902614950055e-61,2.80696586075444e-36,3.74763906282661e-35,1.21503071333106e-41
7.26210528217355e-30,3.16714775790602e-82,1.96865437042511e-35,9.26377572915135e-33,6.24469881632748e-33,2.54315635649094e-33,3.39648119407841e-57,5.01438751501532e-35,1.76545300700133e-32,1.76929951763049e-30,3.38608165315651e-34,7.45248950589053e-32,3.38821586677354e-34,1.02908945768179e-30,1.26339973092554e-46,4.07919416151208e-34,1.13131235922459e-32,8.53071234096116e-33,8.39304655763995e-33,7.2562158188842e-34,2.48450227998993e-05,6.86875311035402e-05,1.80820003891985e-07,0.999897649730538,8.89615225964992e-34,5.64875121855025e-34,4.49838349552387e-32,3.23094951484314e-34,3.62832951835225e-32,4.1245162212103e-50,3.16335539647681e-35,1.59975172691141e-33,1.42337002136353e-32,4.16119317943427e-33,1.01485854549722e-32,7.21112953695909e-33,8.74681092399387e-69,9.7169105756257e-35,3.84906823291202e-26,4.14887882546646e-34,5.03110498403227e-34,5.89921531286389e-32,3.92587478305917e-31,2.69695967170112e-33,9.44458670902637e-34,6.15579062503243e-31,2.42056525123652e-26,4.88100926959999e-34,6.92667061039214e-33,1.58649609425587e-33,1.38539265622566e-37,1.50148918066723e-31,5.74660663931223e-32,6.19822476585631e-33,7.49714326698365e-34,1.90579041848844e-31,7.53566610897964e-50,1.08492650958751e-32,3.80014065122412e-31,1.06212286820851e-30,5.42612753685255e-36,6.15276366767108e-58,2.89531502790303e-10,1.73362074390887e-35,4.72776358198257e-34
0,0,0,0,0,0,0,0,0,0,0,0,0,0,0,0,0,0,0,0,0,0,0,0,0,0,0,0,0,0,0,0,0,0,0,0,0,0,0,0,0,0,0,0,0,0,0,0,0,0,0,0,0,0,0,0,0,0,0,0,0,0,0,0,0
0,0,0,0,0,0,0,0,0,0,0,0,0,0,0,0,0,0,0,0,0,0,0,0,0,0,0,0,0,0,0,0,0,0,0,0,0,0,0,0,0,0,0,0,0,0,0,0,0,0,0,0,0,0,0,0,0,0,0,0,0,0,0,0,0
5.45937679677513e-05,1.49670583178233e-52,0.000386420998211617,0.00396991713224833,0.00415290510869673,0.00248593797392692,3.61440632208309e-27,0.0014240271166051,0.000590571547272434,0.000118140107837188,2.61002970458928e-05,0.00200459563091749,0.000638353162487967,0.00762024808108983,2.44588678909679e-16,0.000393463026932546,0.000235818713955913,0.0163114766804274,0.0189944685359072,0.0142222841077234,1.27371845429912e-07,1.09831641940994e-05,8.83725444452325e-05,2.36785803026577e-29,0.000503147965450642,0.00927507031775985,0.0750950417234599,0.000195229820362868,6.14797226455149e-05,4.5795460547767e-19,0.000102238635007478,0.00412309583126796,0.000742399958678617,0.000789994556740869,0.0296676737296588,0.0022702024204314,2.9864008392549e-51,2.54181340783704e-05,0.00168428910726957,0.00285036977371972,0.00132393954796038,0.0879439461763634,0.00296149248283947,0.00070599174841974,0.000110096296791325,0.00209961838334432,4.41247718855128e-05,0.00204047236993448,0.000943603217604651,0.00271295180325859,8.73054589051946e-07,0.00122534877032868,4.5222543165346e-09,0.00106042612699399,0.0192135025098331,0.000588818440282153,1.41074917380744e-18,0.000621170000750073,0.00134435937892836,0.00634678749307706,0.00541270411905457,1.89781044931411e-28,0.00102586070023298,4.63072504702447e-07,0.00184737302220166
0.000812109966083881,7.54753746241485e-52,0.0102715655835595,0.00885941514298422,0.0423301095948708,0.0286943327070634,4.92579420848348e-26,0.0136417358086675,0.0328300525633117,0.00257580881990273,0.00817677992691146,0.0124771546328907,0.00116573388470091,0.0435574342209792,3.08502307214979e-16,0.00879683387134929,0.00360434385950297,0.00540186339984736,0.00460619859816919,0.00240928237762342,0.100181439255661,0.000141872530270493,0.0243809539618912,2.81356062754276e-27,0.0200693148489758,0.0334814002834889,0.00609988209237751,0.844185155260042,0.360853623102169,7.51576453691612e-18,0.00510872618332052,0.00242429964574963,0.00251065810305399,0.101601232055938,0.00136055716540744,0.0213243333448135,2.9810388063449e-46,0.00211697508207803,0.0946169497380675,0.015040454787334,0.000857508797060587,0.00903655324229692,0.0927433999044774,0.0981104252801468,0.0115575156942444,0.00354924330810177,0.0143365897408894,0.0677920506483219,0.0367088035006899,0.0129263961897336,5.38291868994222e-06,0.00817682409530709,0.015255694057968,0.00323102030141724,0.0189957531453924,0.095253458126765,6.42858060510561e-19,0.00223287013715872,0.106928250173244,0.0138187657913015,0.0467378539702143,8.37535308853359e-28,0.00678250053037513,5.04955860699735e-05,0.0420217103124525
0,0,0,0,0,0,0,0,0,0,0,0,0,0,0,0,0,0,0,0,0,0,0,0,0,0,0,0,0,0,0,0,0,0,0,0,0,0,0,0,0,0,0,0,0,0,0,0,0,0,0,0,0,0,0,0,0,0,0,0,0,0,0,0,0
3.30446699445698e-05,4.97491276112094e-57,0.000125394537610139,9.654531204981e-07,5.67670381418773e-07,1.00789308067932e-06,2.85340494796563e-28,1.41159727075469e-08,0.000262450801647792,1.41416921868431e-05,2.90315833524801e-08,2.16931643476096e-08,3.97874695365006e-09,1.82856509422929e-06,0.002910498365585,6.94260682501717e-06,5.81826496836416e-07,5.82113392114209e-08,3.20056744746502e-06,8.62592494535806e-09,2.8495056917417e-06,0.000229790644689716,0.0361309221599728,1.39693324634656e-29,1.00065450871475e-06,6.53277876445189e-08,6.4017501074622e-08,1.4152211190815e-06,0.00786517120747056,0.841807426789536,6.79797316819047e-09,5.33954204411971e-08,5.16435998866706e-08,0.000112992314144714,0.00432486872048009,5.22348812271469e-08,3.05973685227905e-50,8.79348978530528e-08,0.0300114376623915,6.47307317497951e-07,1.34412606935922e-07,7.98452512224606e-07,0.00164568513860233,3.64770690082602e-05,0.00326645014524438,4.11209388117755e-08,7.98101525373276e-08,1.76103046178752e-05,0.0371137580428051,9.91958403157645e-08,3.68310144825759e-09,1.14086219716097e-06,3.6796491347795e-05,1.2483579843461e-07,5.87663080585563e-07,0.000160213839469552,0.0609327061340366,1.53123089338417e-08,7.82622749698997e-05,1.52377495105034e-05,1.74684626486094e-07,2.08036017147517e-31,2.39121407826048e-06,0.00205529520543442,1.58484153008029e-08
0.0177082706192585,7.43142417668935e-51,0.000783354198311313,0.00180214759427671,0.000916267519628112,0.0361493949951541,2.31984505297625e-24,0.107129054079603,0.0440476414657162,0.000780536814189286,0.0555945890382876,0.000599102634634606,0.000395781297376672,0.000170790252276108,1.10226497553693e-16,0.00015391463321175,0.000339873168175684,0.000560537928996439,0.00817137069845952,0.000115929019247922,0.0516365683970976,9.15162199320663e-08,0.000150426501154114,7.2371217223733e-31,3.49512832705271e-08,0.00883228899556462,0.00251212948614497,0.000137804921705459,4.16442882167939e-07,1.20243468964206e-19,0.124635906669624,0.000149166210660296,0.000734511531379137,0.00063078435928645,0.00269348254621135,0.00075916203780954,1.31660937483597e-51,0.0117702826380887,0.000136692194935182,0.00216283215866675,0.000281173882250075,0.0010074846562967,0.00652129894120331,0.0692391270218865,0.00016688373913414,0.000480282800083993,0.00019419392348177,0.00709580885462862,0.000636329500610114,0.00193238678817121,6.25441689354439e-08,0.000490277061718694,0.00295651564889409,0.000263229927267641,0.00565522565046918,0.000333211701219918,1.24401462036614e-19,0.000288199175928666,0.00992209122916199,2.87634136242135e-05,0.149525045234808,1.59600565413964e-26,0.007651133484614,1.1025412407438e-05,5.72348421657215e-05
0,0,0,0,0,0,0,0,0,0,0,0,0,0,0,0,0,0,0,0,0,0,0,0,0,0,0,0,0,0,0,0,0,0,0,0,0,0,0,0,0,0,0,0,0,0,0,0,0,0,0,0,0,0,0,0,0,0,0,0,0,0,0,0,0
0,0,0,0,0,0,0,0,0,0,0,0,0,0,0,0,0,0,0,0,0,0,0,0,0,0,0,0,0,0,0,0,0,0,0,0,0,0,0,0,0,0,0,0,0,0,0,0,0,0,0,0,0,0,0,0,0,0,0,0,0,0,0,0,0
0,0,0,0,0,0,0,0,0,0,0,0,0,0,0,0,0,0,0,0,0,0,0,0,0,0,0,0,0,0,0,0,0,0,0,0,0,0,0,0,0,0,0,0,0,0,0,0,0,0,0,0,0,0,0,0,0,0,0,0,0,0,0,0,0
0,0,0,0,0,0,0,0,0,0,0,0,0,0,0,0,0,0,0,0,0,0,0,0,0,0,0,0,0,0,0,0,0,0,0,0,0,0,0,0,0,0,0,0,0,0,0,0,0,0,0,0,0,0,0,0,0,0,0,0,0,0,0,0,0
0,0,0,0,0,0,0,0,0,0,0,0,0,0,0,0,0,0,0,0,0,0,0,0,0,0,0,0,0,0,0,0,0,0,0,0,0,0,0,0,0,0,0,0,0,0,0,0,0,0,0,0,0,0,0,0,0,0,0,0,0,0,0,0,0
3.17893027487639e-06,8.937909065476e-23,1.5305164009227e-07,3.37820551466998e-06,1.66267934681825e-06,9.89165179749668e-06,3.07642560081677e-07,5.23936728603927e-07,1.32103399680881e-06,7.53020658621948e-09,2.00125087465662e-06,7.69126878137718e-07,8.8302095200367e-07,8.55550662378741e-05,1.40267441336805e-06,1.0162536976536e-05,9.54027973059649e-07,1.48170685352348e-07,9.89110639515424e-06,3.74597490612786e-06,4.17112250087717e-06,7.12883989736165e-07,3.30969291933632e-07,6.76086360429806e-09,9.32000074008253e-07,1.08954523738503e-06,4.18117697870297e-06,0.000166856023194421,2.09266045393847e-05,6.28450163747535e-06,2.3471970105693e-07,2.53592051548744e-06,3.41145086092689e-06,6.70253859678188e-07,9.66826886648862e-06,7.98995132442493e-07,0.999132343546225,1.43159875819489e-06,6.46499787885611e-07,3.14300990295152e-07,1.04879638311762e-06,3.62621811753093e-06,0.000446272218883601,5.60318754503267e-06,0.000100189727726245,2.57702330369105e-06,1.42383659166037e-07,1.92632000247838e-07,0.000225963891120441,0.000808194140306596,5.58663783796897e-07,3.5543422433851e-07,2.35613257086774e-06,2.57301921668923e-07,5.56128474674051e-07,6.34613458605496e-07,1.39568321656313e-05,9.96497519792147e-06,1.16598273493182e-06,5.91326519999603e-05,5.15907959986711e-08,2.03670662250564e-05,3.50240863926758e-06,5.71139625030951e-07,4.20174906152157e-07
0,0,0,0,0,0,0,0,0,0,0,0,0,0,0,0,0,0,0,0,0,0,0,0,0,0,0,0,0,0,0,0,0,0,0,0,0,0,0,0,0,0,0,0,0,0,0,0,0,0,0,0,0,0,0,0,0,0,0,0,0,0,0,0,0
0,0,0,0,0,0,0,0,0,0,0,0,0,0,0,0,0,0,0,0,0,0,0,0,0,0,0,0,0,0,0,0,0,0,0,0,0,0,0.0485645864273519,0,0,0,0,0,0,0,0,0,0,0,0,0,0,0,0,0,0,0,0,0,0,0,0,0,0
0.0041615328718599,5.30728850583222e-53,0.000157156006237949,0.00245152754878416,0.00149566273907751,8.6414248672871e-08,1.14232493370645e-31,3.69436520742454e-07,0.000171539732576336,3.27361355101012e-07,1.92874255108518e-07,0.00197095579864664,0.000148629347382981,0.00659861404474286,5.71446493233064e-17,1.107667133051e-07,0.00065507019954887,0.00153547387956046,0.00256006446536796,0.0012932239785487,4.44861806171354e-07,1.52103603086647e-08,7.41537567139153e-08,8.10123255913524e-31,0.000747403519898012,0.00042177109043494,0.00878205367953767,0.000168047199812775,1.27459476209648e-05,1.62038805696999e-23,1.6792441087516e-05,0.00470918443214413,0.00113391883471748,7.4892493536782e-05,5.44596427155688e-07,0.00184339977842252,3.08183344459843e-52,6.71634629812398e-06,2.36278447438495e-07,0.151171419837584,0.00107812858756854,0.00635325524836651,0.000217379147532822,5.54641173052558e-05,1.71461323517679e-06,0.00203313284555317,0.000252766890538749,9.68537809642793e-05,9.8456300712278e-05,0.00258892852406935,4.03557094772046e-07,1.41073694580153e-06,0.00182067398451656,0.000455912988589896,0.00321769833095951,0.000542158529122502,8.96173305755731e-23,0.00392630548472212,0.000230187308625196,0.0128372853920629,3.60442623673365e-05,2.11566340166693e-32,1.43558254645723e-06,3.70887263036825e-10,0.00188755277384471
6.12612859153208e-06,1.04715586644624e-52,6.82796233222549e-06,0.0591090618708192,0.0038140244529711,3.1743361635586e-07,4.29552309898092e-31,1.03207841055189e-07,7.12639713364374e-05,0.00120421702265211,8.68587159080057e-07,0.017973170174627,2.02630786465685e-05,0.000508016857370936,2.02535522891534e-19,2.21275552118262e-05,0.00184051540340937,0.0231136151045159,0.0145632556140059,9.03408101262601e-05,0.00984696672609881,2.9247586975946e-06,0.000604898111138635,4.23971384955624e-08,0.000653187839121118,0.000300126661440719,0.00843739032976817,0.000715602919144283,3.12509073938848e-07,5.32763515885224e-24,4.10127930772251e-09,1.25516094070497e-05,0.00266058665949204,0.000215892825101142,2.41790954424716e-05,0.000703169882052105,1.06660379818826e-41,1.28662521760248e-08,5.28672690077556e-05,0.013203088401203,0.184559775011711,0.00285547461176627,0.00210226911207525,0.000246063929366396,1.65316649944155e-05,0.00771903411692432,5.841544327464e-08,1.78173336417072e-06,0.000646157169258618,0.00794757585011026,1.24361625071397e-08,3.20679832931215e-07,0.0275120963898002,1.75049725221851e-07,0.0261203185885357,0.00556322909663636,3.57487182559351e-22,0.00259812532490041,1.73697284470192e-05,0.0233122931996283,5.06259201455369e-07,7.77691000109167e-32,1.43695045816066e-06,2.20823911488968e-06,7.8698853424513e-05
6.14610018198893e-28,2.63301206809301e-78,4.54812915877839e-30,7.0391247756811e-29,4.16219923578534e-28,1.17381735976544e-31,2.59327793688422e-53,2.30943296535562e-33,1.42636052807629e-30,1.34486484552262e-23,2.93883598020461e-33,8.59553122575422e-29,6.52656092067394e-30,2.27692279517485e-27,1.15699092505792e-40,5.7483419909209e-13,2.02043073194142e-29,2.52381955426973e-05,4.95328746652926e-28,4.23724644053283e-28,0.000390888399517536,6.70542345200235e-05,5.51943937983094e-06,1.69508595966086e-52,1.72813836672117e-30,4.90904872648169e-27,3.12180384361635e-28,8.7331863890489e-30,1.42474822436762e-12,8.70259611240914e-30,6.3865343942608e-30,8.44525864888367e-28,7.57042026779418e-29,5.02201012464817e-30,3.9183948488174e-12,6.80327966561807e-29,1.61772079732689e-78,9.573139565946e-33,4.14698013595016e-19,1.12218769522373e-28,4.01242634137346e-29,5.75303316880387e-27,1.72077700279874e-27,3.64265534085774e-30,5.94803115562053e-32,6.5048136750172e-28,3.90394809038091e-28,1.27317238825493e-29,1.03188224395948e-30,5.84298256074365e-29,5.63174923432419e-34,6.85090464876798e-30,3.3170798084805e-28,2.09749179361952e-29,2.60324477107764e-28,6.24904275435284e-29,2.55066165269524e-34,6.99399100574956e-31,3.10385102263834e-29,2.91521785491647e-29,5.35365663752969e-31,1.87188327937208e-56,4.71851494105081e-26,2.13946056721151e-31,1.15124594037463e-29
0,0,0,0,0,0,0,0,0,0,0,0,0,0,0,0,0,0,0,0,0,0,0,0,0,0,0,0,0,0,0,0,0,0,0,0,0,0,0,0,0,0,0,0,0,0,0,0,0,0,0,0,0,0,0,0,0,0,0,0,0,0,0,0,0
2.13680963659658e-07,3.08757584379824e-57,5.42202813897217e-09,1.39691245563427e-08,9.5050810714465e-07,5.68706774816636e-07,3.12082649227292e-30,3.91008668554748e-08,5.71009851566208e-06,7.84111459521133e-09,4.80243966746337e-05,1.16287802255456e-06,2.61949560888827e-09,1.55749562339197e-05,4.33265671947178e-19,1.80778816717985e-05,8.06378495401033e-07,9.19657025243347e-07,1.05420904420612e-06,8.50086496850134e-08,0.000158672852760499,5.67146034548377e-05,3.45106239759869e-07,1.17170375436091e-30,2.40500157964672e-05,6.75693689690823e-07,3.555519740465e-07,2.90505604687482e-10,0.000158756408462089,3.96548364895968e-23,8.16029595532049e-06,3.51459615151302e-08,1.78832625931153e-06,1.22632160018965e-06,0.00633567875783366,3.29088993117609e-07,5.09539376361745e-53,2.12785087771602e-06,8.88355278098577e-07,2.62041277032828e-07,2.22332188405691e-08,8.08644315394452e-06,0.00039707977735064,0.0659359271210356,9.62576821621087e-06,1.5495361245816e-06,9.86572618358967e-08,1.44033213968686e-05,4.24740301845759e-07,2.72257395500302e-05,1.146546512527e-09,3.76597014394907e-06,1.03267847927557e-05,9.00752374559159e-08,1.58911694482415e-07,2.21389971485342e-08,5.78259702332513e-21,3.15710754040348e-07,3.30942922289981e-06,8.81069852117032e-07,1.50700445434905e-06,1.08926541417047e-31,0.0689749250299293,1.2634009226135e-08,5.20450280650502e-07
0,0,0,0,0,0,0,0,0,0,0,0,0,0,0,0,0,0,0,0,0,0,0,0,0,0,0,0,0,0,0,0,0,0,0,0,0,0,0,0,0,0,0,0,0,0,0,0,0,0,0,0,0,0,0,0,0,0,0,0,0,0,0,0,0
0,0,0,0,0,0,0,0,0,0,0,0,0,0,0,0,0,0,0,0,0,0,0,0,0,0,0,0,0,0,0,0,0,0,0,0,0,0,0,0,0,0,0,0,0,0,0,0,0,0,0,0,0,0,0,0,0,0,0,0,0,0,0,0,0
5.24915999473051e-10,2.94173349844231e-64,2.09823784205016e-16,2.285174000276e-12,1.99685770941639e-13,2.00574347854257e-11,1.6972049257855e-37,8.20946879934932e-13,5.45688171732716e-13,7.42916381163156e-11,2.165472441224e-14,2.41743689364719e-10,3.61146043283049e-15,3.90425936401095e-10,7.02574639783313e-25,3.9373040730002e-14,4.46164901262658e-12,1.25084441081472e-12,4.7465397912506e-12,7.81170482320922e-13,0.0936614841412403,9.40731918630159e-06,1.84601203733814e-07,5.70279399960718e-28,1.89646127481442e-14,2.41198580829935e-14,1.07709212536659e-13,3.68485966500725e-13,3.86738129711135e-15,4.20470774812941e-32,3.3686500202386e-13,5.11549472938281e-14,5.65141155512296e-13,4.43541809870311e-15,4.23425315972056e-14,2.99764008151518e-13,9.09954041555156e-55,6.62637420045824e-14,1.01559067169284e-05,9.52114227619685e-12,4.99475577776113e-14,1.60694295442706e-11,6.47094282058512e-12,6.19251350422169e-13,1.77754642913225e-13,1.1956343131044e-11,0.77938954711528,1.00462346987211e-12,1.47661744299764e-14,4.3172075503976e-11,3.27189501659742e-18,7.7855329036714e-13,1.07931449132962e-12,1.88288687386989e-13,8.63045437098288e-13,1.19491789919756e-14,7.70316623606424e-32,4.89856391235877e-12,3.05156965582615e-11,2.13584155106915e-13,1.38226978543452e-14,6.14568533825038e-40,1.99319069753581e-06,3.75420533122157e-14,7.95700378756785e-12
0,0,0,0,0,0,0,0,0,0,0,0,0,0,0,0,0,0,0,0,0,0,0,0,0,0,0,0,0,0,0,0,0,0,0,0,0,0,0,0,0,0,0,0,0,0,0,0,0,0,0,0,0,0,0,0,0,0,0,0,0,0,0,0,0
0,0,0,0,0,0,0,0,0,0,0,0,0,0,0,0,0,0,0,0,0,0,0,0,0,0,0,0,0,0,0,0,0,0,0,0,0,0,0,0,0,0,0,0,0,0,0,0,0,0,0,0,0,0,0,0,0,0,0,0,0,0,0,0,0
0,0,0,0,0,0,0,0,0,0,0,0,0,0,0,0,0,0,0,0,0,0,0,0,0,0,0,0,0,0,0,0,0,0,0,0,0,0,0,0,0,0,0,0,0,0,0,0,0,0,0,0,0,0,0,0,0,0,0,0,0,0,0,0,0
0.000150264188799314,0.00310963084136295,0.0510705092409662,0.0213196559531957,0.013766364211148,3.13288375946134e-06,0.000898839827862488,0.00175482750956709,0.00132634854319079,0.000114131539267569,6.07173527000563e-07,0.0303032830466602,4.84542174948645e-06,0.00286392007568577,0.000145493694287683,0.277423536138538,0.00274682668654503,0.0370992968633213,0.152965024566951,9.05511542370982e-06,1.33062959139648e-06,9.08202318679276e-06,5.27965904690142e-06,3.82044893269337e-28,0.000739532087041484,0.00279658877610392,1.71721932813812e-05,0.0273095144512891,0.170763242250908,5.13590893659789e-05,0.000289711651216721,7.82201223560033e-06,5.8312362884782e-05,0.0195462194941126,0.0154129508988914,0.0173270076108473,5.73809081715423e-47,4.49745835289959e-07,0.00269867441393017,0.0294592715879492,0.0238462311422909,0.00283473612026797,0.14629979366015,0.00200888334069287,0.00224099857462027,3.93184570045298e-05,0.0120026801451446,0.00958771008878252,0.050338514134848,0.00966592078724003,0.830059773526537,0.00553400426065646,0.051368276893356,3.58039896905332e-05,0.0212502834211483,0.0616390067542298,0.000169510356401302,0.0523278109162879,0.0101934051880396,0.0300756142782928,0.00397744167689231,7.8786794807671e-29,1.11764564913666e-06,1.74478925050363e-07,0.00437442722097899
0.0124261981499722,1.69257605091779e-52,0.00406749239545435,0.00048640494351586,0.000863337376755009,0.00387861104524311,4.21372687557392e-26,0.00852261133094235,0.00664950494296158,0.000110387075349604,0.00323009630196693,0.0010459957772439,0.000275186564320641,0.00414758079887705,6.51105240522302e-16,0.000326741881252874,0.000406993987119486,0.00010633305829438,0.000701903873870078,0.000153598932818365,0.0896212596200693,0.000136954167775111,0.0153436002123171,8.7692347753586e-26,0.00436743044453588,0.0158873460994934,0.00107006961926907,7.44553668407503e-07,0.000297517386184813,3.41039266015013e-19,0.000655078467337531,0.00149688551842702,0.000986634235450229,0.00386224931098611,0.000336895626155207,0.00332978119914248,1.45792715389762e-49,0.00342294355763697,0.10947460418049,0.00213120425597194,0.000267230782840694,0.00215762715481721,0.0413110701163828,0.0188143364162407,0.0063449325671965,0.000124837254178949,0.00175827308916874,0.0688920001432499,0.00698808190243694,0.00373946974558304,4.042144340843e-06,0.801516250408703,0.0027462959278538,0.000796455997125793,0.00200967850015487,0.000537308999269242,4.77931604696967e-20,0.00122626665515869,0.0218372855271476,0.00228591544610058,0.0180359176781372,8.04869159947746e-28,0.00207899402936169,7.5557263187964e-05,0.00494624203787618
0.0639979414698444,2.27346337103395e-51,0.000827205303629349,0.0174018090136889,0.079375823291713,0.000640148179932705,8.0080829861539e-27,0.000464243106327265,0.0012989452147976,0.00037762333296446,0.00381049546977028,0.0361649815320761,0.0041474307481285,0.00505951233402107,1.22560419659823e-15,0.00022253074100226,0.0108788693466416,0.094554609350655,0.0972195822127375,0.00841091542687179,1.43490315037454e-06,0.00146897658736713,0.00061939531407525,1.27368336457606e-25,0.0182269118326482,0.0279839987371894,0.0695718873254509,0.000287305855386049,0.000195621597182322,1.31128891818471e-19,0.00270644449121701,0.0427306573847759,0.0169645274671784,0.0029029720786037,0.00037284873988567,0.0169721947823858,4.60955218703676e-51,0.000269549074275217,0.00167690750344709,0.031267835020721,0.0565231902002418,0.0158813889504947,0.00539870903390201,0.00128412468115904,0.000150788687227602,0.0356690383873814,0.00882949514231206,0.00353591460774861,0.00200546147160789,0.0505798433061892,5.79806139966082e-06,0.00279704679987101,0.652914262081785,0.00192436097200616,0.102624474793845,0.00379859565527297,8.49046978820559e-20,0.096485667359181,0.00627642300741541,0.106432510547564,0.000436875131078754,1.09002233072928e-27,0.0020945510770339,7.75293879509823e-06,0.0167793769578242
7.09160232316248e-06,6.70861729887528e-29,0.000593750989396272,0.00684957397032558,0.00552538156405076,8.82585375053509e-05,2.48237011969417e-26,0.00240606611214675,0.00150127542219125,9.52561720335506e-05,0.000801767017137176,0.0061112437302426,0.547794024705761,0.00530233499993154,7.99946522736041e-17,0.000671255784488447,0.018265781760923,0.00793379546497629,0.00381080864875509,0.0375560843757011,2.38867170761023e-07,0.000519610205342445,5.51623349333966e-06,2.99593373396317e-28,0.00332380123721386,0.00392073654464727,0.00157035207496103,0.00223616064290737,0.00107714954990018,3.59790674637065e-12,0.00113530973045563,0.00267089836119741,0.00885276427138129,0.00325668548138897,0.000605410681235703,0.0411591293955341,1.35202714858754e-06,0.000135072040750453,0.000219039290788157,0.00500031332912285,0.00509696941874699,0.00675622832166211,0.00123126631109883,0.00164301899326975,6.01253779127323e-05,0.00317719836557159,0.000409466244798709,0.000244259648738244,0.000778438092378633,0.00281805397302621,9.63058761917787e-07,0.00163150343259229,0.00622783649453289,0.552947248707115,0.00907724298683702,0.00572646581440472,4.06239791779672e-09,0.00113587673616303,0.000522071465981645,0.00608711015514721,0.00261854340780518,2.1297402369841e-29,9.03851105310184e-07,3.78024052407971e-06,0.0181266063253484
0,0,0,0,0,0,0,0,0,0,0,0,0,0,0,0,0,0,0,0,0,0,0,0,0,0,0,0,0,0,0,0,0,0,0,0,0,0,0,0,0,0,0,0,0,0,0,0,0,0,0,0,0,0,0,0,0,0,0,0,0,0,0,0,0
8.16071812664195e-05,2.26253744044064e-53,5.69164208004655e-05,1.92534664185901e-05,0.000279696993988468,5.38227709263389e-08,3.24521830495624e-28,0.000125565531517433,9.89322771895882e-05,1.82120422370478e-05,3.51199526027048e-05,0.000265601621858354,7.56778160970145e-05,9.34729688916598e-07,5.43959825294246e-18,9.21684186437333e-09,0.000220835489411242,0.000188493268820895,0.000246675435437461,0.000174845520792722,0.00543961687562688,1.05133509296319e-05,0.000588510964560797,1.0186427491005e-26,4.44805274635942e-06,0.000228013803226499,1.92433070771847e-05,8.78875641005388e-06,6.93969791556209e-08,2.97285200560111e-21,6.48381858230449e-10,0.000355471877866438,0.000118705705603259,0.000173847774443124,0.00129334372696036,0.000351252356046309,2.16775373112472e-53,4.18128956971361e-06,1.36204918343344e-07,0.000137776959450638,4.56807022920206e-06,0.000107235292981822,0.00201107166854053,0.000145565562598354,4.22848880605278e-05,2.32682027635096e-07,7.06181867171789e-05,0.0100127525529873,4.03497819614854e-06,2.50695824861949e-08,4.42746600760641e-08,0.00076710088232135,2.98236743221601e-05,4.009793206746e-05,1.04020986249315e-07,0.285542398883923,6.3619283107401e-21,2.50322580161651e-05,0.00332207256487402,8.41648771599614e-05,0.000178206064551459,1.22661308599321e-31,2.98296688615879e-05,4.09224456596045e-07,6.28030375127614e-09
0.00826210361722715,0.0109065052721702,0.736489265103072,0.0762041458630539,0.0301100953753456,0.482803222544685,0.00364601088412966,0.0069845347667341,0.328860628856048,0.00412528434240387,0.0437274265714058,0.00479245124483541,0.0503208003523564,0.0127489442046554,0.0238089931728374,0.668665742849265,0.00424115913510107,0.0102347560994054,0.0490324249402197,0.097359453992793,0.00597121709485264,0.0277240660477854,0.451718872470006,4.71861799030087e-06,0.0191398953319781,0.358167015582195,0.0453211840143943,0.0154819639106521,0.149816779824039,0.106105254087509,0.150157568178052,0.0216679480534363,0.0384215946497893,0.429669674783519,0.0282270383196344,0.0498533651098322,0.000451750610770677,0.325441189289637,0.520046635116317,0.012642137144894,0.0386854975289915,0.00204600249052437,0.12297035299598,0.218004779022366,0.962301404337562,8.23377668139682e-06,0.0463475169288892,0.222339794488411,0.590909409635247,0.00131249421044794,0.128022970476665,0.000136863621381113,0.00677544778221855,0.0106070504094013,0.0440338715189582,0.0275243980805346,0.933635546907686,0.00163895928299929,0.419152858515773,0.0186357748878527,0.00602836986427188,0.0106546295741842,0.000549410007892516,0.73588605683682,0.000448589980966177
0.052341695188849,2.48045642441316e-52,0.00101456406366709,0.00474380609649015,0.019031743959728,0.000165435602863455,1.77615454552527e-29,0.00437449201166347,0.0363833670840319,2.01877668649081e-06,6.48102093182616e-07,0.0294493716038554,0.00273401896813213,0.0262636826676044,0.0372354521210586,5.48787512408596e-05,0.00623194627751024,0.0198134410351332,0.0128252339205493,0.00741218159304203,0.518549036662712,5.84935769752302e-07,6.99700830463223e-08,1.41359912070025e-26,0.0374767580586899,0.073945868946848,0.0393533729330633,3.33624510961187e-05,6.10036343881731e-05,5.51012017658724e-24,0.000572648993070442,0.062182860172167,0.0039564738995349,0.000377301877708611,0.000147614733962964,0.0321499580115864,2.0698544718867e-51,1.04754358533704e-06,9.47824447354429e-05,0.0767448338131951,0.00495174266400604,0.0354113811930186,0.0203434425702403,5.91975879956586e-05,0.000168856058341136,0.0431657345598851,0.005535754389818,0.0102774555983297,0.000273083352763352,0.0427202823921021,2.51394931859818e-06,0.0018288445781964,0.0428393078869839,0.00140750790903002,0.0314771664072055,0.0140700259801107,1.05341414583289e-21,0.532775136651782,0.00227815196568127,0.0356012939144411,0.000782907815479233,6.12906739817882e-28,1.41309318645269e-06,1.30750353732025e-06,0.0264243845493164
0,0,0,0,0,0,0,0,0,0,0,0,0,0,0,0,0,0,0,0,0,0,0,0,0,0,0,0,0,0,0,0,0,0,0,0,0,0,0,0,0,0,0,0,0,0,0,0,0,0,0,0,0,0,0,0,0,0,0,0,0,0,0,0,0
0.00121851740516414,2.10644000353272e-52,0.00329873321181072,0.02579553044897,0.025696294791243,0.0642526358651305,3.90965939874207e-26,0.00607871346601406,0.0020679263069822,0.00129750058038014,0.00206111851832122,0.0202905415819757,0.0135823294377145,0.0102571973612026,3.28774048883147e-16,8.85634833434746e-05,0.012828039051756,0.0229254176734347,0.0221337845781854,0.00639790065404922,4.03334891618521e-07,0.000697931966565196,0.00232315959543684,3.52268400049673e-27,0.204952951349508,0.0207136811192893,0.0293919392848866,0.00602972995371503,0.0992249886160601,2.1703354367718e-19,0.000533193882208853,0.0251611901928768,0.0396546511725462,0.022456867965666,0.00125110432154253,0.057060997301481,2.5208340221761e-36,0.000291712285327952,0.036119515863139,0.0590952562085551,0.0232399593215801,0.0363333991346334,0.0435290546243133,0.035027124579393,0.000634617333408303,0.00387105063596418,0.0104527489593322,0.029527203388955,0.00533792061147988,0.00906195256885738,3.34476694795527e-06,0.0199359584039769,0.0214737512112061,0.0133073361564111,0.0476243474695031,0.0193980221954105,1.20852388630029e-19,0.0204930518346807,0.0170661931420453,0.179009450500255,0.002492129380265,1.5197600552201e-28,8.91172073615189e-07,2.85314251194439e-05,0.0406918027502503
0.004112092575601,1.72777883891855e-50,0.09846549694079,0.0710268915440627,0.00427093177394767,0.0656540044301149,1.22344641843716e-25,0.689897215876196,0.102032151281793,0.00806996196524954,0.0210472310876533,0.0168017294127873,0.00107339281149394,0.353444996831409,2.93650163191396e-16,0.00187740373872863,0.00957024227723011,0.0192720685721481,0.0925336443262724,0.0012813123675155,0.00247473465989449,0.00045393075870207,0.000856316464964554,4.23042876163226e-28,0.00684536425851863,0.0484589312964168,0.0016073374107932,0.0145236944285424,0.00280000279683163,2.09832429956385e-18,0.547676863611079,0.0266623573012722,0.0369777771403288,0.0514667310695298,0.80674913970401,0.20817381653349,7.28017788038201e-48,0.00613711585258507,0.0190667708497684,0.0120421193017639,0.0010093169450829,0.180713825276965,0.273458477154826,0.320766218384957,0.00556699545754897,0.00264128038838838,0.018858476124362,0.366887102434731,0.00954051748202888,0.0168991451197622,1.51351986687516e-05,0.0383861366988536,0.00408331316545724,0.00864971097762271,0.116431007660217,0.105570336133057,2.88062757194264e-18,0.0029054583514546,0.185256148974459,0.00216241365005834,0.65958596186986,3.13738493541965e-27,0.0385919865558435,6.58426757683438e-05,0.0310246464451617
9.79994921553339e-07,6.90342362171772e-30,2.35911780675907e-06,8.05795096151052e-07,1.02513324130458e-06,3.04937130072344e-06,0.0111765546685276,1.61517687944701e-08,4.07244815282593e-07,2.32138913075152e-09,6.1694025893073e-07,2.37104502404671e-07,2.72215721411167e-07,8.5725998158359e-08,4.32412511791607e-07,3.13289357957709e-06,2.94105273106745e-07,1.60054774312567e-06,6.73380372150032e-07,1.15480164686925e-06,1.28586225532732e-06,2.19765813800518e-06,1.02030273496754e-07,2.08420954690801e-09,2.87314548953027e-07,3.3588212511383e-07,3.2224114914162e-06,1.55661297457583e-08,6.45118865150046e-07,9.6868131454885e-08,1.44717517332101e-06,7.81768022360249e-07,2.10334846776486e-06,2.06623934298301e-07,4.23773523891266e-05,2.46311994490922e-07,4.58554254103383e-27,4.41330570372067e-07,1.99301132310658e-07,9.68919113678503e-08,3.23320501129775e-06,1.11788128681259e-06,1.13158167038012e-06,3.47993773725816e-05,9.89946382641577e-06,7.94439085095374e-07,4.38934299340148e-08,6.66882301217778e-07,3.78829219883679e-07,3.66394187329954e-07,1.72225877676319e-07,1.76627856339269e-07,4.50066163276867e-05,7.93203404774413e-08,1.71441840708303e-06,1.95636998152479e-07,7.41184861652498e-08,1.0239922859845e-07,7.07570554618391e-08,8.74224716332185e-07,5.58064601563626e-07,0.623689610050908,1.0797173391835e-06,1.76071215864739e-07,1.29530475998243e-07
4.66448430305218e-54,6.76360973259559e-79,1.92737619069699e-53,4.39167060416055e-54,3.2631402475816e-53,1.65359083911301e-53,2.03747908375073e-77,3.8641408932648e-53,6.27465357408535e-53,6.49898983096372e-57,4.57418343485391e-53,3.25841160223776e-54,1.41082447637476e-53,3.22334008639859e-53,2.92472552881969e-67,2.42761662236046e-30,3.12194643534215e-54,2.29487904741502e-54,5.43350786573746e-54,4.0479397844471e-53,1.23892709847063e-53,3.30597634927801e-55,1.49283567091289e-54,2.27840168296933e-78,6.24464372553168e-54,8.72775344280744e-54,2.11679326953101e-52,9.76630569466672e-54,2.1598414228179e-29,8.20210581121742e-62,2.00023994329525e-54,7.68706479046173e-54,6.62556965872997e-53,6.00898174556321e-54,1.91347205870895e-30,5.74035650509922e-53,4.75325078190453e-65,6.23824559362754e-53,4.48472172677875e-53,3.00714013458624e-53,1.75263682156372e-53,2.94634582138393e-54,2.76963839794969e-53,5.37943987634693e-51,1.11489689303309e-54,5.62998428847595e-54,1.10665178690583e-55,4.54352604534956e-52,2.76897801222265e-54,1.15905784221852e-53,1.64575072929336e-57,5.14206961111338e-54,8.02824022530593e-52,2.99765978163883e-54,3.34725190668419e-54,3.94413224474552e-54,3.05023203468227e-59,1.67063523979491e-53,7.4430195797283e-55,4.35128547431832e-55,2.17546411543714e-52,1.21903317603022e-77,0.71720396743586,1.60895342798596e-56,4.02639479258151e-54
1.77527062396989e-07,3.14674950154011e-57,2.78849810349471e-06,5.61288333172139e-06,4.36715632601462e-05,5.19379972980332e-07,1.64089801513776e-26,0.000974169057873221,3.38148721659512e-08,2.1074170235835e-06,1.79422402801115e-08,4.05163225216001e-07,2.09457885687283e-06,1.45419255774189e-06,3.59089566903963e-20,2.8557284978482e-05,9.45728761814541e-05,4.86183592134833e-07,5.71862586263846e-05,5.54949857122002e-09,1.09665590214021e-06,1.8115695132753e-07,8.72079024441219e-08,1.12064701153513e-30,2.04153517358419e-08,2.76150161022081e-06,3.99862273289536e-06,9.2534723505915e-08,5.07314980921258e-07,6.52457228428788e-23,1.88995256309545e-07,3.34510384115655e-08,1.20611815111313e-05,2.65318469562579e-06,5.7598474144747e-06,1.82667731300612e-05,1.28386974743906e-53,4.01891938475387e-08,1.66491685608052e-05,1.96616774736019e-07,1.60767959132031e-06,1.18918664484009e-07,9.80578535400614e-06,1.46012822933918e-06,9.10773357303587e-07,2.60373443682215e-08,2.53252075102835e-05,3.85367517566453e-06,7.91005394814465e-06,4.06388433134861e-06,7.98443174727548e-11,4.08858685738972e-06,6.97108601474421e-07,7.77851346610618e-08,1.31928570610559e-05,1.99358835325593e-08,4.90338116971419e-23,1.12757893835277e-05,1.95894446481678e-07,0.000516888026763752,6.05730401333305e-05,1.17155584382896e-31,9.26442382880347e-07,0.261281412564311,9.77445388435819e-09
0,0,0,0,0,0,0,0,0,0,0,0,0,0,0,0,0,0,0,0,0,0,0,0,0,0,0,0,0,0,0,0,0,0,0,0,0,0,0,0,0,0,0,0,0,0,0,0,0,0,0,0,0,0,0,0,0,0,0,0,0,0,0,0,0
